﻿{"cameraMode":{"drawMode":0,"name":"Shaded","section":"Shading Mode"},"sceneLighting":true,"audioPlay":false,"sceneViewState":{"showFog":true,"showMaterialUpdate":false,"showSkybox":true,"showFlares":true,"showImageEffects":true,"showParticleSystems":true},"in2DMode":false,"pivot":{"x":-0.3394129276275635,"y":-2.730065107345581,"z":-2.953911781311035},"rotation":{"x":0.39403393864631655,"y":0.13598524034023286,"z":-0.059072934091091159,"w":0.907058835029602},"size":8.365530967712403,"orthographic":false}