﻿{"cameraMode":{"drawMode":0,"name":"Shaded","section":"Shading Mode"},"sceneLighting":false,"audioPlay":false,"sceneViewState":{"showFog":true,"showMaterialUpdate":false,"showSkybox":false,"showFlares":true,"showImageEffects":true,"showParticleSystems":true},"in2DMode":false,"pivot":{"x":-0.8670587539672852,"y":1.3597594499588013,"z":-5.030124187469482},"rotation":{"x":-0.2417832911014557,"y":0.12533362209796906,"z":-0.031511109322309497,"w":-0.9616857171058655},"size":1.3863074779510499,"orthographic":false}