﻿{"cameraMode":{"drawMode":0,"name":"Shaded","section":"Shading Mode"},"sceneLighting":false,"audioPlay":false,"sceneViewState":{"showFog":true,"showMaterialUpdate":false,"showSkybox":false,"showFlares":true,"showImageEffects":true,"showParticleSystems":true},"in2DMode":false,"pivot":{"x":0.676875114440918,"y":0.19161009788513184,"z":-2.8338539600372316},"rotation":{"x":-0.10458418726921082,"y":0.8824654817581177,"z":-0.39441296458244326,"w":-0.23399829864501954},"size":4.28249979019165,"orthographic":false}