﻿{"cameraMode":{"drawMode":0,"name":"Shaded","section":"Shading Mode"},"sceneLighting":false,"audioPlay":false,"sceneViewState":{"showFog":true,"showMaterialUpdate":false,"showSkybox":false,"showFlares":true,"showImageEffects":true,"showParticleSystems":true},"in2DMode":false,"pivot":{"x":0.3322216272354126,"y":0.4883582592010498,"z":-0.19100958108901978},"rotation":{"x":-0.10458418726921082,"y":0.8824654817581177,"z":-0.39441296458244326,"w":-0.23399829864501954},"size":1.830495834350586,"orthographic":false}