﻿{"cameraMode":{"drawMode":0,"name":"Shaded","section":"Shading Mode"},"sceneLighting":false,"audioPlay":false,"sceneViewState":{"showFog":true,"showMaterialUpdate":false,"showSkybox":false,"showFlares":true,"showImageEffects":true,"showParticleSystems":true},"in2DMode":false,"pivot":{"x":0.0,"y":0.694171130657196,"z":0.11654961109161377},"rotation":{"x":-0.2417832911014557,"y":0.12533362209796906,"z":-0.031511109322309497,"w":-0.9616857171058655},"size":6.152616500854492,"orthographic":false}